epoch,train_loss,val_f1,val_acc
1,2.3930459022521973,0.30425113189088343,0.54
2,0.8555682897567749,0.6927351624264771,0.746
3,0.5916182994842529,0.8370081126222438,0.848
4,0.450181782245636,0.850056852426054,0.854
5,0.41050079464912415,0.8397211972113594,0.842
6,0.3966340720653534,0.8488479281188969,0.86
7,0.3463887572288513,0.8473828492536314,0.86
8,0.3150706887245178,0.859577985736473,0.87
9,0.32300353050231934,0.8618996678497233,0.872
10,0.2661641240119934,0.8763268518376416,0.882
