epoch,train_loss,val_f1,val_acc
1,2.0811243057250977,0.46840462337406613,0.65
2,0.6978543400764465,0.8462478812795268,0.858
3,0.2732336223125458,0.8523891034262717,0.86
4,0.18513916432857513,0.8671710772198031,0.874
5,0.13632798194885254,0.8689631342652792,0.878
6,0.10366366803646088,0.8797941429992233,0.884
7,0.08253847062587738,0.8736705433355217,0.878
8,0.0668623223900795,0.861160399375912,0.868
9,0.05592511594295502,0.857011082818654,0.862
10,0.044280651956796646,0.8517194485998244,0.858
