epoch,train_loss,val_f1,val_acc
1,2.1937155723571777,0.784819558436982,0.814
2,0.4426223039627075,0.8464213892591614,0.858
3,0.2929902970790863,0.8621827806358622,0.874
4,0.2294594943523407,0.8585166319732915,0.874
5,0.1826637238264084,0.8470664840376252,0.864
6,0.16150952875614166,0.844048072088596,0.862
7,0.14859336614608765,0.8465622293699475,0.866
8,0.12484708428382874,0.8385950476315909,0.86
9,0.115537628531456,0.8503378938934967,0.866
10,0.10887398570775986,0.8539165471970463,0.872
